1244653620	26231081	1	1	{"dtl1_ext_nm":{"filepath":"/data1/upload/st/editorImg/2018/03/07/26231081/bABqCXo.jpg","url":"http://mars-dev.skplanet.com/storage/v1.0/dev_smteditor/26231081/unit/bABqCXo.jpg"},"dtl2_ext_nm":null,"dtl3_ext_nm":null,"dtl4_ext_nm":null,"dtl5_ext_nm":null}	
1244653620	26231081	1	2	{"dtl1_ext_nm":{"filepath":"/data1/upload/st/editorImg/2018/03/07/26231081/1x7uWID.jpg","url":"http://mars-dev.skplanet.com/storage/v1.0/dev_smteditor/26231081/unit/1x7uWID.jpg"},"dtl2_ext_nm":null,"dtl3_ext_nm":null,"dtl4_ext_nm":null,"dtl5_ext_nm":null}	
1244653620	26231081	1	3	{"dtl1_ext_nm":{"filepath":"/data1/upload/st/editorImg/2018/03/07/26231081/h5U0EzE.jpg","url":"http://mars-dev.skplanet.com/storage/v1.0/dev_smteditor/26231081/unit/h5U0EzE.jpg"},"dtl2_ext_nm":null,"dtl3_ext_nm":null,"dtl4_ext_nm":null,"dtl5_ext_nm":null}	
1244653620	26231081	1	4	{"dtl1_ext_nm":{"filepath":"/data1/upload/st/editorImg/2018/03/07/26231081/3WyvZ0r.jpg","url":"http://mars-dev.skplanet.com/storage/v1.0/dev_smteditor/26231081/unit/3WyvZ0r.jpg"},"dtl2_ext_nm":null,"dtl3_ext_nm":null,"dtl4_ext_nm":null,"dtl5_ext_nm":null}	
1244653620	26231081	1	5	{"dtl1_ext_nm":{"filepath":"/data1/upload/st/editorImg/2018/03/07/26231081/7oNJaPj.jpg","url":"http://mars-dev.skplanet.com/storage/v1.0/dev_smteditor/26231081/unit/7oNJaPj.jpg"},"dtl2_ext_nm":null,"dtl3_ext_nm":null,"dtl4_ext_nm":null,"dtl5_ext_nm":null}	
1244653620	26231081	1	6	{"dtl1_ext_nm":{"filepath":"/data1/upload/st/editorImg/2018/03/07/26231081/9LFQlH5.jpg","url":"http://mars-dev.skplanet.com/storage/v1.0/dev_smteditor/26231081/unit/9LFQlH5.jpg"},"dtl2_ext_nm":null,"dtl3_ext_nm":null,"dtl4_ext_nm":null,"dtl5_ext_nm":null}	
1244653620	26231081	1	7	{"dtl1_ext_nm":{"filepath":"/data1/upload/st/editorImg/2018/03/07/26231081/g4t9CsO.jpg","url":"http://mars-dev.skplanet.com/storage/v1.0/dev_smteditor/26231081/unit/g4t9CsO.jpg"},"dtl2_ext_nm":null,"dtl3_ext_nm":null,"dtl4_ext_nm":null,"dtl5_ext_nm":null}	
1244653621	26231081	1	1	{"dtl1_ext_nm":{"filepath":"/data1/upload/st/editorImg/2018/03/07/26231081/2JMHNbz.jpg","url":"http://mars-dev.skplanet.com/group/v1.0/dev_Group-seller/26231081/unit/2JMHNbz.jpg"},"dtl2_ext_nm":null,"dtl3_ext_nm":null,"dtl4_ext_nm":null,"dtl5_ext_nm":null}	
1244653621	26231081	1	2	{"dtl1_ext_nm":{"filepath":"/data1/upload/st/editorImg/2018/03/07/26231081/4LJDcme.jpg","url":"http://mars-dev.skplanet.com/group/v1.0/dev_Group-seller/26231081/unit/4LJDcme.jpg"},"dtl2_ext_nm":null,"dtl3_ext_nm":null,"dtl4_ext_nm":null,"dtl5_ext_nm":null}	
1244653621	26231081	1	3	{"dtl1_ext_nm":{"filepath":"/data1/upload/st/editorImg/2018/03/07/26231081/dksloBG.jpg","url":"http://mars-dev.skplanet.com/group/v1.0/dev_Group-seller/26231081/unit/dksloBG.jpg"},"dtl2_ext_nm":null,"dtl3_ext_nm":null,"dtl4_ext_nm":null,"dtl5_ext_nm":null}	
1244653621	26231081	1	4	{"dtl1_ext_nm":{"filepath":"/data1/upload/st/editorImg/2018/03/07/26231081/5WerlRT.jpg","url":"http://mars-dev.skplanet.com/group/v1.0/dev_Group-seller/26231081/unit/5WerlRT.jpg"},"dtl2_ext_nm":null,"dtl3_ext_nm":null,"dtl4_ext_nm":null,"dtl5_ext_nm":null}	
1244653621	26231081	1	5	{"dtl1_ext_nm":{"filepath":"/data1/upload/st/editorImg/2018/03/07/26231081/9YA0nfl.jpg","url":"http://mars-dev.skplanet.com/group/v1.0/dev_Group-seller/26231081/unit/9YA0nfl.jpg"},"dtl2_ext_nm":null,"dtl3_ext_nm":null,"dtl4_ext_nm":null,"dtl5_ext_nm":null}	
1244653621	26231081	1	6	{"dtl1_ext_nm":{"filepath":"/data1/upload/st/editorImg/2018/03/07/26231081/5Ub2Qe2.jpg","url":"http://mars-dev.skplanet.com/group/v1.0/dev_Group-seller/26231081/unit/5Ub2Qe2.jpg"},"dtl2_ext_nm":null,"dtl3_ext_nm":null,"dtl4_ext_nm":null,"dtl5_ext_nm":null}	
1244945971	26231081	1	1	{"dtl1_ext_nm":{"filepath":"/data1/upload/st/editorImg/2018/03/07/26231081/2FeqUJB.jpg","url":"http://mars-dev.skplanet.com/group/v1.0/dev_Group-seller/26231081/unit/2FeqUJB.jpg"},"dtl2_ext_nm":null,"dtl3_ext_nm":null,"dtl4_ext_nm":null,"dtl5_ext_nm":null}	
1244945971	26231081	1	2	{"dtl1_ext_nm":{"filepath":"/data1/upload/st/editorImg/2018/03/07/26231081/cGfKFSK.jpg","url":"http://mars-dev.skplanet.com/group/v1.0/dev_Group-seller/26231081/unit/cGfKFSK.jpg"},"dtl2_ext_nm":null,"dtl3_ext_nm":null,"dtl4_ext_nm":null,"dtl5_ext_nm":null}	
1244945971	26231081	1	3	{"dtl1_ext_nm":{"filepath":"/data1/upload/st/editorImg/2018/03/07/26231081/2DFJjWS.jpg","url":"http://mars-dev.skplanet.com/group/v1.0/dev_Group-seller/26231081/unit/2DFJjWS.jpg"},"dtl2_ext_nm":null,"dtl3_ext_nm":null,"dtl4_ext_nm":null,"dtl5_ext_nm":null}	
1244945971	26231081	1	4	{"dtl1_ext_nm":{"filepath":"/data1/upload/st/editorImg/2018/03/07/26231081/2l9bn9l.jpg","url":"http://mars-dev.skplanet.com/group/v1.0/dev_Group-seller/26231081/unit/2l9bn9l.jpg"},"dtl2_ext_nm":null,"dtl3_ext_nm":null,"dtl4_ext_nm":null,"dtl5_ext_nm":null}	
1244945991	26231081	1	1	{"dtl1_ext_nm":{"filepath":"/data1/upload/st/editorImg/2018/03/07/26231081/zwU5A1.jpg","url":"http://mars-dev.skplanet.com/storage/v1.0/dev_smteditor/26231081/unit/zwU5A1.jpg"},"dtl2_ext_nm":null,"dtl3_ext_nm":null,"dtl4_ext_nm":null,"dtl5_ext_nm":null}	
1244945991	26231081	1	2	{"dtl1_ext_nm":{"filepath":"/data1/upload/st/editorImg/2018/03/07/26231081/BxsKlu.jpg","url":"http://mars-dev.skplanet.com/storage/v1.0/dev_smteditor/26231081/unit/BxsKlu.jpg"},"dtl2_ext_nm":null,"dtl3_ext_nm":null,"dtl4_ext_nm":null,"dtl5_ext_nm":null}	
1244945991	26231081	1	3	{"dtl1_ext_nm":{"filepath":"/data1/upload/st/editorImg/2018/03/07/26231081/geyQyAW.jpg","url":"http://mars-dev.skplanet.com/storage/v1.0/dev_smteditor/26231081/unit/geyQyAW.jpg"},"dtl2_ext_nm":null,"dtl3_ext_nm":null,"dtl4_ext_nm":null,"dtl5_ext_nm":null}	
1244945991	26231081	1	4	{"dtl1_ext_nm":{"filepath":"/data1/upload/st/editorImg/2018/03/07/26231081/dAiQNYK.jpg","url":"http://mars-dev.skplanet.com/storage/v1.0/dev_smteditor/26231081/unit/dAiQNYK.jpg"},"dtl2_ext_nm":null,"dtl3_ext_nm":null,"dtl4_ext_nm":null,"dtl5_ext_nm":null}	
1244946393	26231081	1	1	{"dtl1_ext_nm":{"filepath":"/data1/upload/st/editorImg/2018/03/07/26231081/zwU5A1.jpg","url":"http://mars-dev.skplanet.com/storage/v1.0/dev_smteditor/26231081/unit/zwU5A1.jpg"},"dtl2_ext_nm":null,"dtl3_ext_nm":null,"dtl4_ext_nm":null,"dtl5_ext_nm":null}	
1244946393	26231081	1	2	{"dtl1_ext_nm":{"filepath":"/data1/upload/st/editorImg/2018/03/07/26231081/BxsKlu.jpg","url":"http://mars-dev.skplanet.com/storage/v1.0/dev_smteditor/26231081/unit/BxsKlu.jpg"},"dtl2_ext_nm":null,"dtl3_ext_nm":null,"dtl4_ext_nm":null,"dtl5_ext_nm":null}	
1244946393	26231081	1	3	{"dtl1_ext_nm":{"filepath":"/data1/upload/st/editorImg/2018/03/07/26231081/geyQyAW.jpg","url":"http://mars-dev.skplanet.com/storage/v1.0/dev_smteditor/26231081/unit/geyQyAW.jpg"},"dtl2_ext_nm":null,"dtl3_ext_nm":null,"dtl4_ext_nm":null,"dtl5_ext_nm":null}	
1244946393	26231081	1	4	{"dtl1_ext_nm":{"filepath":"/data1/upload/st/editorImg/2018/03/07/26231081/dAiQNYK.jpg","url":"http://mars-dev.skplanet.com/storage/v1.0/dev_smteditor/26231081/unit/dAiQNYK.jpg"},"dtl2_ext_nm":null,"dtl3_ext_nm":null,"dtl4_ext_nm":null,"dtl5_ext_nm":null}	
1244946612	39871275	1	1	{"dtl1_ext_nm":{"filepath":"/data1/upload/st/editorImg/2018/03/07/39871275/aOxVq0A.jpg","url":"http://mars-dev.skplanet.com/group/v1.0/dev_Group-seller/KRY122Hil5/unit/aOxVq0A.jpg"},"dtl2_ext_nm":null,"dtl3_ext_nm":null,"dtl4_ext_nm":null,"dtl5_ext_nm":null}	
1244947366	10000276	1	1	{"dtl1_ext_nm":{"filepath":"/data1/upload/st/editorImg/2018/03/07/10000276/3kKXzv0.jpg","url":"http://mars-dev.skplanet.com/storage/v1.0/dev_smteditor/10000276/unit/3kKXzv0.jpg"},"dtl2_ext_nm":null,"dtl3_ext_nm":null,"dtl4_ext_nm":null,"dtl5_ext_nm":null}	
1244947366	10000276	1	2	{"dtl1_ext_nm":{"filepath":"/data1/upload/st/editorImg/2018/03/07/10000276/2Erc6up.jpg","url":"http://mars-dev.skplanet.com/storage/v1.0/dev_smteditor/10000276/unit/2Erc6up.jpg"},"dtl2_ext_nm":null,"dtl3_ext_nm":null,"dtl4_ext_nm":null,"dtl5_ext_nm":null}	
1244947366	10000276	1	3	{"dtl1_ext_nm":{"filepath":"/data1/upload/st/editorImg/2018/03/07/10000276/ed5j3o0.jpg","url":"http://mars-dev.skplanet.com/storage/v1.0/dev_smteditor/10000276/unit/ed5j3o0.jpg"},"dtl2_ext_nm":null,"dtl3_ext_nm":null,"dtl4_ext_nm":null,"dtl5_ext_nm":null}	
1244947371	39941273	1	1	{"dtl1_ext_nm":{"filepath":"/data1/upload/st/editorImg/2018/03/07/39941273/8qykyiJ.jpg","url":"http://mars-dev.skplanet.com/storage/v1.0/dev_smteditor/39941273/unit/8qykyiJ.jpg"},"dtl2_ext_nm":null,"dtl3_ext_nm":null,"dtl4_ext_nm":null,"dtl5_ext_nm":null}	
1244947371	39941273	1	2	{"dtl1_ext_nm":{"filepath":"/data1/upload/st/editorImg/2018/03/07/39941273/cEFYfm5.jpg","url":"http://mars-dev.skplanet.com/storage/v1.0/dev_smteditor/39941273/unit/cEFYfm5.jpg"},"dtl2_ext_nm":null,"dtl3_ext_nm":null,"dtl4_ext_nm":null,"dtl5_ext_nm":null}	
1244947371	39941273	1	3	{"dtl1_ext_nm":{"filepath":"/data1/upload/st/editorImg/2018/03/07/39941273/93fehG8.jpg","url":"http://mars-dev.skplanet.com/storage/v1.0/dev_smteditor/39941273/unit/93fehG8.jpg"},"dtl2_ext_nm":null,"dtl3_ext_nm":null,"dtl4_ext_nm":null,"dtl5_ext_nm":null}	
1244947375	39941273	1	1	{"dtl1_ext_nm":{"filepath":"/data1/upload/st/editorImg/2018/03/07/39941273/ccUYSYd.jpg","url":"http://mars-dev.skplanet.com/storage/v1.0/dev_smteditor/39941273/unit/ccUYSYd.jpg"},"dtl2_ext_nm":null,"dtl3_ext_nm":null,"dtl4_ext_nm":null,"dtl5_ext_nm":null}	
1244947375	39941273	1	2	{"dtl1_ext_nm":{"filepath":"/data1/upload/st/editorImg/2018/03/07/39941273/hvAT8cd.jpg","url":"http://mars-dev.skplanet.com/storage/v1.0/dev_smteditor/39941273/unit/hvAT8cd.jpg"},"dtl2_ext_nm":null,"dtl3_ext_nm":null,"dtl4_ext_nm":null,"dtl5_ext_nm":null}	
1244947375	39941273	1	3	{"dtl1_ext_nm":{"filepath":"/data1/upload/st/editorImg/2018/03/07/39941273/HdmKo5.jpg","url":"http://mars-dev.skplanet.com/storage/v1.0/dev_smteditor/39941273/unit/HdmKo5.jpg"},"dtl2_ext_nm":null,"dtl3_ext_nm":null,"dtl4_ext_nm":null,"dtl5_ext_nm":null}	
1244947537	39871275	1	1	{"dtl1_ext_nm":{"filepath":"/data1/upload/st/editorImg/2018/03/07/39871275/2yvjnsV.jpg","url":"http://mars-dev.skplanet.com/group/v1.0/dev_Group-seller/39871275/unit/2yvjnsV.jpg"},"dtl2_ext_nm":null,"dtl3_ext_nm":null,"dtl4_ext_nm":null,"dtl5_ext_nm":null}	
1244947537	39871275	1	2	{"dtl1_ext_nm":{"filepath":"/data1/upload/st/editorImg/2018/03/07/39871275/fKJ3UUK.jpg","url":"http://mars-dev.skplanet.com/group/v1.0/dev_Group-seller/39871275/unit/fKJ3UUK.jpg"},"dtl2_ext_nm":null,"dtl3_ext_nm":null,"dtl4_ext_nm":null,"dtl5_ext_nm":null}	
1244947537	39871275	1	3	{"dtl1_ext_nm":{"filepath":"/data1/upload/st/editorImg/2018/03/07/39871275/eEyHld4.jpg","url":"http://mars-dev.skplanet.com/group/v1.0/dev_Group-seller/39871275/unit/eEyHld4.jpg"},"dtl2_ext_nm":null,"dtl3_ext_nm":null,"dtl4_ext_nm":null,"dtl5_ext_nm":null}	
1244947537	39871275	1	4	{"dtl1_ext_nm":{"filepath":"/data1/upload/st/editorImg/2018/03/07/39871275/5kJsP2c.jpg","url":"http://mars-dev.skplanet.com/group/v1.0/dev_Group-seller/39871275/unit/5kJsP2c.jpg"},"dtl2_ext_nm":null,"dtl3_ext_nm":null,"dtl4_ext_nm":null,"dtl5_ext_nm":null}	
1244947553	39941273	1	1	{"dtl1_ext_nm":{"filepath":"/data1/upload/st/editorImg/2018/03/07/39941273/9hkC091.jpg","url":"http://mars-dev.skplanet.com/group/v1.0/dev_Group-seller/39941273/unit/9hkC091.jpg"},"dtl2_ext_nm":null,"dtl3_ext_nm":null,"dtl4_ext_nm":null,"dtl5_ext_nm":null}	
1244947553	39941273	1	2	{"dtl1_ext_nm":{"filepath":"/data1/upload/st/editorImg/2018/03/07/39941273/19fnSjq.jpg","url":"http://mars-dev.skplanet.com/group/v1.0/dev_Group-seller/39941273/unit/19fnSjq.jpg"},"dtl2_ext_nm":null,"dtl3_ext_nm":null,"dtl4_ext_nm":null,"dtl5_ext_nm":null}	
1244947553	39941273	1	3	{"dtl1_ext_nm":{"filepath":"/data1/upload/st/editorImg/2018/03/07/39941273/68rBvLv.jpg","url":"http://mars-dev.skplanet.com/group/v1.0/dev_Group-seller/39941273/unit/68rBvLv.jpg"},"dtl2_ext_nm":null,"dtl3_ext_nm":null,"dtl4_ext_nm":null,"dtl5_ext_nm":null}	
1244947557	39941273	1	1	{"dtl1_ext_nm":{"filepath":"/data1/upload/st/editorImg/2018/03/07/39941273/fd5OfVj.jpg","url":"http://mars-dev.skplanet.com/storage/v1.0/dev_smteditor/39941273/unit/fd5OfVj.jpg"},"dtl2_ext_nm":null,"dtl3_ext_nm":null,"dtl4_ext_nm":null,"dtl5_ext_nm":null}	
1244947557	39941273	1	2	{"dtl1_ext_nm":{"filepath":"/data1/upload/st/editorImg/2018/03/07/39941273/eSCJBhR.jpg","url":"http://mars-dev.skplanet.com/storage/v1.0/dev_smteditor/39941273/unit/eSCJBhR.jpg"},"dtl2_ext_nm":null,"dtl3_ext_nm":null,"dtl4_ext_nm":null,"dtl5_ext_nm":null}	
1244947557	39941273	1	3	{"dtl1_ext_nm":{"filepath":"/data1/upload/st/editorImg/2018/03/07/39941273/4zyDKUL.jpg","url":"http://mars-dev.skplanet.com/storage/v1.0/dev_smteditor/39941273/unit/4zyDKUL.jpg"},"dtl2_ext_nm":null,"dtl3_ext_nm":null,"dtl4_ext_nm":null,"dtl5_ext_nm":null}	
1244947557	39941273	1	4	{"dtl1_ext_nm":{"filepath":"/data1/upload/st/editorImg/2018/03/07/39941273/6iAibWx.jpg","url":"http://mars-dev.skplanet.com/storage/v1.0/dev_smteditor/39941273/unit/6iAibWx.jpg"},"dtl2_ext_nm":null,"dtl3_ext_nm":null,"dtl4_ext_nm":null,"dtl5_ext_nm":null}	
1244947557	39941273	1	5	{"dtl1_ext_nm":{"filepath":"/data1/upload/st/editorImg/2018/03/07/39941273/4M4Apol.jpg","url":"http://mars-dev.skplanet.com/storage/v1.0/dev_smteditor/39941273/unit/4M4Apol.jpg"},"dtl2_ext_nm":null,"dtl3_ext_nm":null,"dtl4_ext_nm":null,"dtl5_ext_nm":null}	
1244947586	39941273	1	1	{"dtl1_ext_nm":{"filepath":"/data1/upload/st/editorImg/2018/03/07/39941273/ceibCAy.jpg","url":"http://mars-dev.skplanet.com/storage/v1.0/dev_smteditor/39941273/unit/ceibCAy.jpg"},"dtl2_ext_nm":null,"dtl3_ext_nm":null,"dtl4_ext_nm":null,"dtl5_ext_nm":null}	
1244947586	39941273	1	2	{"dtl1_ext_nm":{"filepath":"/data1/upload/st/editorImg/2018/03/07/39941273/zYODoL.jpg","url":"http://mars-dev.skplanet.com/storage/v1.0/dev_smteditor/39941273/unit/zYODoL.jpg"},"dtl2_ext_nm":null,"dtl3_ext_nm":null,"dtl4_ext_nm":null,"dtl5_ext_nm":null}	
1244947586	39941273	1	3	{"dtl1_ext_nm":{"filepath":"/data1/upload/st/editorImg/2018/03/07/39941273/b7TpRW0.jpg","url":"http://mars-dev.skplanet.com/storage/v1.0/dev_smteditor/39941273/unit/b7TpRW0.jpg"},"dtl2_ext_nm":null,"dtl3_ext_nm":null,"dtl4_ext_nm":null,"dtl5_ext_nm":null}	
1244947586	39941273	1	4	{"dtl1_ext_nm":{"filepath":"/data1/upload/st/editorImg/2018/03/07/39941273/4zKHIze.jpg","url":"http://mars-dev.skplanet.com/storage/v1.0/dev_smteditor/39941273/unit/4zKHIze.jpg"},"dtl2_ext_nm":null,"dtl3_ext_nm":null,"dtl4_ext_nm":null,"dtl5_ext_nm":null}	
1244947586	39941273	1	5	{"dtl1_ext_nm":{"filepath":"/data1/upload/st/editorImg/2018/03/07/39941273/8nhoUMG.jpg","url":"http://mars-dev.skplanet.com/storage/v1.0/dev_smteditor/39941273/unit/8nhoUMG.jpg"},"dtl2_ext_nm":null,"dtl3_ext_nm":null,"dtl4_ext_nm":null,"dtl5_ext_nm":null}	
1244947868	39941273	1	1	{"dtl1_ext_nm":{"filepath":"/data1/upload/st/editorImg/2018/03/07/39941273/bGLIMbQ.jpg","url":"http://mars-dev.skplanet.com/group/v1.0/dev_Group-seller/39941273/unit/bGLIMbQ.jpg"},"dtl2_ext_nm":null,"dtl3_ext_nm":null,"dtl4_ext_nm":null,"dtl5_ext_nm":null}	
1244947868	39941273	1	2	{"dtl1_ext_nm":{"filepath":"/data1/upload/st/editorImg/2018/03/07/39941273/hsWFsfC.jpg","url":"http://mars-dev.skplanet.com/group/v1.0/dev_Group-seller/39941273/unit/hsWFsfC.jpg"},"dtl2_ext_nm":null,"dtl3_ext_nm":null,"dtl4_ext_nm":null,"dtl5_ext_nm":null}	
1244947868	39941273	1	3	{"dtl1_ext_nm":{"filepath":"/data1/upload/st/editorImg/2018/03/07/39941273/cMSCdQs.jpg","url":"http://mars-dev.skplanet.com/group/v1.0/dev_Group-seller/39941273/unit/cMSCdQs.jpg"},"dtl2_ext_nm":null,"dtl3_ext_nm":null,"dtl4_ext_nm":null,"dtl5_ext_nm":null}	
1244947868	39941273	1	4	{"dtl1_ext_nm":{"filepath":"/data1/upload/st/editorImg/2018/03/07/39941273/7oq2SWh.jpg","url":"http://mars-dev.skplanet.com/group/v1.0/dev_Group-seller/39941273/unit/7oq2SWh.jpg"},"dtl2_ext_nm":null,"dtl3_ext_nm":null,"dtl4_ext_nm":null,"dtl5_ext_nm":null}	
1244947868	39941273	1	5	{"dtl1_ext_nm":{"filepath":"/data1/upload/st/editorImg/2018/03/07/39941273/fCt5HCW.jpg","url":"http://mars-dev.skplanet.com/group/v1.0/dev_Group-seller/39941273/unit/fCt5HCW.jpg"},"dtl2_ext_nm":null,"dtl3_ext_nm":null,"dtl4_ext_nm":null,"dtl5_ext_nm":null}	
1244947878	39871275	1	1	{"dtl1_ext_nm":{"filepath":"/data1/upload/st/editorImg/2018/03/07/39871275/7jNYiIw.jpg","url":"http://mars-dev.skplanet.com/group/v1.0/dev_Group-seller/39871275/unit/7jNYiIw.jpg"},"dtl2_ext_nm":null,"dtl3_ext_nm":null,"dtl4_ext_nm":null,"dtl5_ext_nm":null}	
1244947878	39871275	1	2	{"dtl1_ext_nm":{"filepath":"/data1/upload/st/editorImg/2018/03/07/39871275/2TE61Dj.jpg","url":"http://mars-dev.skplanet.com/group/v1.0/dev_Group-seller/39871275/unit/2TE61Dj.jpg"},"dtl2_ext_nm":null,"dtl3_ext_nm":null,"dtl4_ext_nm":null,"dtl5_ext_nm":null}	
1244947878	39871275	1	3	{"dtl1_ext_nm":{"filepath":"/data1/upload/st/editorImg/2018/03/07/39871275/e0pa7oC.jpg","url":"http://mars-dev.skplanet.com/group/v1.0/dev_Group-seller/39871275/unit/e0pa7oC.jpg"},"dtl2_ext_nm":null,"dtl3_ext_nm":null,"dtl4_ext_nm":null,"dtl5_ext_nm":null}	
1244947912	39941273	1	1	{"dtl1_ext_nm":{"filepath":"/data1/upload/st/editorImg/2018/03/07/39941273/5VYx9sJ.jpg","url":"http://mars-dev.skplanet.com/group/v1.0/dev_Group-seller/39941273/unit/5VYx9sJ.jpg"},"dtl2_ext_nm":null,"dtl3_ext_nm":null,"dtl4_ext_nm":null,"dtl5_ext_nm":null}	
1244947912	39941273	1	2	{"dtl1_ext_nm":{"filepath":"/data1/upload/st/editorImg/2018/03/07/39941273/hlWvRnr.jpg","url":"http://mars-dev.skplanet.com/group/v1.0/dev_Group-seller/39941273/unit/hlWvRnr.jpg"},"dtl2_ext_nm":null,"dtl3_ext_nm":null,"dtl4_ext_nm":null,"dtl5_ext_nm":null}	
1244947912	39941273	1	3	{"dtl1_ext_nm":{"filepath":"/data1/upload/st/editorImg/2018/03/07/39941273/7CdThY6.jpg","url":"http://mars-dev.skplanet.com/group/v1.0/dev_Group-seller/39941273/unit/7CdThY6.jpg"},"dtl2_ext_nm":null,"dtl3_ext_nm":null,"dtl4_ext_nm":null,"dtl5_ext_nm":null}	
1244947912	39941273	1	4	{"dtl1_ext_nm":{"filepath":"/data1/upload/st/editorImg/2018/03/07/39941273/AUOaYU.jpg","url":"http://mars-dev.skplanet.com/group/v1.0/dev_Group-seller/39941273/unit/AUOaYU.jpg"},"dtl2_ext_nm":null,"dtl3_ext_nm":null,"dtl4_ext_nm":null,"dtl5_ext_nm":null}	
1244947912	39941273	1	5	{"dtl1_ext_nm":{"filepath":"/data1/upload/st/editorImg/2018/03/07/39941273/dYhf5Ck.jpg","url":"http://mars-dev.skplanet.com/group/v1.0/dev_Group-seller/39941273/unit/dYhf5Ck.jpg"},"dtl2_ext_nm":null,"dtl3_ext_nm":null,"dtl4_ext_nm":null,"dtl5_ext_nm":null}	
1244947913	39871275	1	1	{"dtl1_ext_nm":{"filepath":"/data1/upload/st/editorImg/2018/03/07/39871275/1OgGpMc.jpg","url":"http://mars-dev.skplanet.com/storage/v1.0/dev_smteditor/39871275/unit/1OgGpMc.jpg"},"dtl2_ext_nm":null,"dtl3_ext_nm":null,"dtl4_ext_nm":null,"dtl5_ext_nm":null}	
1244947913	39871275	1	2	{"dtl1_ext_nm":{"filepath":"/data1/upload/st/editorImg/2018/03/07/39871275/gxvX9LN.jpg","url":"http://mars-dev.skplanet.com/storage/v1.0/dev_smteditor/39871275/unit/gxvX9LN.jpg"},"dtl2_ext_nm":null,"dtl3_ext_nm":null,"dtl4_ext_nm":null,"dtl5_ext_nm":null}	
1244947916	10000276	1	1	{"dtl1_ext_nm":{"filepath":"/data1/upload/st/editorImg/2018/03/07/10000276/b11AoeD.jpg","url":"http://mars-dev.skplanet.com/group/v1.0/dev_Group-seller/KRY12FXwM/unit/b11AoeD.jpg"},"dtl2_ext_nm":null,"dtl3_ext_nm":null,"dtl4_ext_nm":null,"dtl5_ext_nm":null}	
1244947916	10000276	1	2	{"dtl1_ext_nm":{"filepath":"/data1/upload/st/editorImg/2018/03/07/10000276/2mvAYZA.jpg","url":"http://mars-dev.skplanet.com/group/v1.0/dev_Group-seller/KRY12FXwM/unit/2mvAYZA.jpg"},"dtl2_ext_nm":null,"dtl3_ext_nm":null,"dtl4_ext_nm":null,"dtl5_ext_nm":null}	
1244947953	39941273	1	1	{"dtl1_ext_nm":{"filepath":"/data1/upload/st/editorImg/2018/03/07/39941273/7Zs0i9m.jpg","url":"http://mars-dev.skplanet.com/group/v1.0/dev_Group-seller/39941273/unit/7Zs0i9m.jpg"},"dtl2_ext_nm":null,"dtl3_ext_nm":null,"dtl4_ext_nm":null,"dtl5_ext_nm":null}	
1244947953	39941273	1	2	{"dtl1_ext_nm":{"filepath":"/data1/upload/st/editorImg/2018/03/07/39941273/3BxQO2N.jpg","url":"http://mars-dev.skplanet.com/group/v1.0/dev_Group-seller/39941273/unit/3BxQO2N.jpg"},"dtl2_ext_nm":null,"dtl3_ext_nm":null,"dtl4_ext_nm":null,"dtl5_ext_nm":null}	
1244947953	39941273	1	3	{"dtl1_ext_nm":{"filepath":"/data1/upload/st/editorImg/2018/03/07/39941273/8YZ0MG4.jpg","url":"http://mars-dev.skplanet.com/group/v1.0/dev_Group-seller/39941273/unit/8YZ0MG4.jpg"},"dtl2_ext_nm":null,"dtl3_ext_nm":null,"dtl4_ext_nm":null,"dtl5_ext_nm":null}	
1244948031	39941273	1	1	{"dtl1_ext_nm":{"filepath":"/data1/upload/st/editorImg/2018/03/07/39941273/4s7f0O8.jpg","url":"http://mars-dev.skplanet.com/group/v1.0/dev_Group-seller/39941273/unit/4s7f0O8.jpg"},"dtl2_ext_nm":null,"dtl3_ext_nm":null,"dtl4_ext_nm":null,"dtl5_ext_nm":null}	
1244948031	39941273	1	2	{"dtl1_ext_nm":{"filepath":"/data1/upload/st/editorImg/2018/03/07/39941273/7QO2Ld8.jpg","url":"http://mars-dev.skplanet.com/group/v1.0/dev_Group-seller/39941273/unit/7QO2Ld8.jpg"},"dtl2_ext_nm":null,"dtl3_ext_nm":null,"dtl4_ext_nm":null,"dtl5_ext_nm":null}	
1244948031	39941273	1	3	{"dtl1_ext_nm":{"filepath":"/data1/upload/st/editorImg/2018/03/07/39941273/eOSD4Mb.jpg","url":"http://mars-dev.skplanet.com/group/v1.0/dev_Group-seller/39941273/unit/eOSD4Mb.jpg"},"dtl2_ext_nm":null,"dtl3_ext_nm":null,"dtl4_ext_nm":null,"dtl5_ext_nm":null}	
1244948031	39941273	1	4	{"dtl1_ext_nm":{"filepath":"/data1/upload/st/editorImg/2018/03/07/39941273/4MOsEhe.jpg","url":"http://mars-dev.skplanet.com/group/v1.0/dev_Group-seller/39941273/unit/4MOsEhe.jpg"},"dtl2_ext_nm":null,"dtl3_ext_nm":null,"dtl4_ext_nm":null,"dtl5_ext_nm":null}	
1244948031	39941273	1	5	{"dtl1_ext_nm":{"filepath":"/data1/upload/st/editorImg/2018/03/07/39941273/eebc8EO.jpg","url":"http://mars-dev.skplanet.com/group/v1.0/dev_Group-seller/39941273/unit/eebc8EO.jpg"},"dtl2_ext_nm":null,"dtl3_ext_nm":null,"dtl4_ext_nm":null,"dtl5_ext_nm":null}	
1244948065	39941273	1	1	{"dtl1_ext_nm":{"filepath":"/data1/upload/st/editorImg/2018/03/07/39941273/4s7f0O8.jpg","url":"http://mars-dev.skplanet.com/group/v1.0/dev_Group-seller/39941273/unit/4s7f0O8.jpg"},"dtl2_ext_nm":null,"dtl3_ext_nm":null,"dtl4_ext_nm":null,"dtl5_ext_nm":null}	
1244948065	39941273	1	2	{"dtl1_ext_nm":{"filepath":"/data1/upload/st/editorImg/2018/03/07/39941273/7QO2Ld8.jpg","url":"http://mars-dev.skplanet.com/group/v1.0/dev_Group-seller/39941273/unit/7QO2Ld8.jpg"},"dtl2_ext_nm":null,"dtl3_ext_nm":null,"dtl4_ext_nm":null,"dtl5_ext_nm":null}	
1244948065	39941273	1	3	{"dtl1_ext_nm":{"filepath":"/data1/upload/st/editorImg/2018/03/07/39941273/eOSD4Mb.jpg","url":"http://mars-dev.skplanet.com/group/v1.0/dev_Group-seller/39941273/unit/eOSD4Mb.jpg"},"dtl2_ext_nm":null,"dtl3_ext_nm":null,"dtl4_ext_nm":null,"dtl5_ext_nm":null}	
1244948065	39941273	1	4	{"dtl1_ext_nm":{"filepath":"/data1/upload/st/editorImg/2018/03/07/39941273/4MOsEhe.jpg","url":"http://mars-dev.skplanet.com/group/v1.0/dev_Group-seller/39941273/unit/4MOsEhe.jpg"},"dtl2_ext_nm":null,"dtl3_ext_nm":null,"dtl4_ext_nm":null,"dtl5_ext_nm":null}	
1244948065	39941273	1	5	{"dtl1_ext_nm":{"filepath":"/data1/upload/st/editorImg/2018/03/07/39941273/eebc8EO.jpg","url":"http://mars-dev.skplanet.com/group/v1.0/dev_Group-seller/39941273/unit/eebc8EO.jpg"},"dtl2_ext_nm":null,"dtl3_ext_nm":null,"dtl4_ext_nm":null,"dtl5_ext_nm":null}	
1244948071	39941273	1	1	{"dtl1_ext_nm":{"filepath":"/data1/upload/st/editorImg/2018/03/07/39941273/6YWIXgN.jpg","url":"http://mars-dev.skplanet.com/group/v1.0/dev_Group-seller/39941273/unit/6YWIXgN.jpg"},"dtl2_ext_nm":null,"dtl3_ext_nm":null,"dtl4_ext_nm":null,"dtl5_ext_nm":null}	
1244948071	39941273	1	2	{"dtl1_ext_nm":{"filepath":"/data1/upload/st/editorImg/2018/03/07/39941273/7hBQIH0.jpg","url":"http://mars-dev.skplanet.com/group/v1.0/dev_Group-seller/39941273/unit/7hBQIH0.jpg"},"dtl2_ext_nm":null,"dtl3_ext_nm":null,"dtl4_ext_nm":null,"dtl5_ext_nm":null}	
1244948072	39871275	1	1	{"dtl1_ext_nm":{"filepath":"/data1/upload/st/editorImg/2018/03/07/39871275/cLV2e52.jpg","url":"http://mars-dev.skplanet.com/group/v1.0/dev_Group-seller/39871275/unit/cLV2e52.jpg"},"dtl2_ext_nm":null,"dtl3_ext_nm":null,"dtl4_ext_nm":null,"dtl5_ext_nm":null}	
1244948072	39871275	1	2	{"dtl1_ext_nm":{"filepath":"/data1/upload/st/editorImg/2018/03/07/39871275/dwwVOS4.jpg","url":"http://mars-dev.skplanet.com/group/v1.0/dev_Group-seller/39871275/unit/dwwVOS4.jpg"},"dtl2_ext_nm":null,"dtl3_ext_nm":null,"dtl4_ext_nm":null,"dtl5_ext_nm":null}	
1244948072	39871275	1	3	{"dtl1_ext_nm":{"filepath":"/data1/upload/st/editorImg/2018/03/07/39871275/dBBvoPC.jpg","url":"http://mars-dev.skplanet.com/group/v1.0/dev_Group-seller/39871275/unit/dBBvoPC.jpg"},"dtl2_ext_nm":null,"dtl3_ext_nm":null,"dtl4_ext_nm":null,"dtl5_ext_nm":null}	
1244948475	39871275	1	1	{"dtl1_ext_nm":{"filepath":"/data1/upload/st/editorImg/2018/03/07/39871275/4bjX1xX.jpg","url":"http://mars-dev.skplanet.com/group/v1.0/dev_Group-seller/KRY122Hil5/unit/4bjX1xX.jpg"},"dtl2_ext_nm":null,"dtl3_ext_nm":null,"dtl4_ext_nm":null,"dtl5_ext_nm":null}	
1244948675	10000276	1	1	{"dtl1_ext_nm":{"filepath":"/data1/upload/st/editorImg/2018/03/07/10000276/2kmzT59.jpg","url":"http://mars-dev.skplanet.com/group/v1.0/dev_Group-seller/10000276/unit/2kmzT59.jpg"},"dtl2_ext_nm":null,"dtl3_ext_nm":null,"dtl4_ext_nm":null,"dtl5_ext_nm":null}	
1244949049	39871275	1	1	{"dtl1_ext_nm":{"filepath":"/data1/upload/st/editorImg/2018/03/07/39871275/bZK9GuL.jpg","url":"http://mars-dev.skplanet.com/group/v1.0/dev_Group-seller/39871275/unit/bZK9GuL.jpg"},"dtl2_ext_nm":null,"dtl3_ext_nm":null,"dtl4_ext_nm":null,"dtl5_ext_nm":null}	
1244949049	39871275	1	2	{"dtl1_ext_nm":{"filepath":"/data1/upload/st/editorImg/2018/03/07/39871275/58EOCvB.jpg","url":"http://mars-dev.skplanet.com/group/v1.0/dev_Group-seller/39871275/unit/58EOCvB.jpg"},"dtl2_ext_nm":null,"dtl3_ext_nm":null,"dtl4_ext_nm":null,"dtl5_ext_nm":null}	
1244949366	39871275	1	1	{"dtl1_ext_nm":{"filepath":"/data1/upload/st/editorImg/2018/03/07/39871275/3XLLWSu.jpg","url":"http://mars-dev.skplanet.com/group/v1.0/dev_Group-seller/KRY122Hil5/unit/3XLLWSu.jpg"},"dtl2_ext_nm":null,"dtl3_ext_nm":null,"dtl4_ext_nm":null,"dtl5_ext_nm":null}	
1244949366	39871275	1	2	{"dtl1_ext_nm":{"filepath":"/data1/upload/st/editorImg/2018/03/07/39871275/aWh8xap.jpg","url":"http://mars-dev.skplanet.com/group/v1.0/dev_Group-seller/KRY122Hil5/unit/aWh8xap.jpg"},"dtl2_ext_nm":null,"dtl3_ext_nm":null,"dtl4_ext_nm":null,"dtl5_ext_nm":null}	
1244949366	39871275	1	3	{"dtl1_ext_nm":{"filepath":"/data1/upload/st/editorImg/2018/03/07/39871275/glDiCXG.jpg","url":"http://mars-dev.skplanet.com/group/v1.0/dev_Group-seller/KRY122Hil5/unit/glDiCXG.jpg"},"dtl2_ext_nm":null,"dtl3_ext_nm":null,"dtl4_ext_nm":null,"dtl5_ext_nm":null}	
1244949366	39871275	1	4	{"dtl1_ext_nm":{"filepath":"/data1/upload/st/editorImg/2018/03/07/39871275/1Xp3Wiq.jpg","url":"http://mars-dev.skplanet.com/group/v1.0/dev_Group-seller/KRY122Hil5/unit/1Xp3Wiq.jpg"},"dtl2_ext_nm":null,"dtl3_ext_nm":null,"dtl4_ext_nm":null,"dtl5_ext_nm":null}	
1244949366	39871275	1	5	{"dtl1_ext_nm":{"filepath":"/data1/upload/st/editorImg/2018/03/07/39871275/4y2kJaU.jpg","url":"http://mars-dev.skplanet.com/group/v1.0/dev_Group-seller/KRY122Hil5/unit/4y2kJaU.jpg"},"dtl2_ext_nm":null,"dtl3_ext_nm":null,"dtl4_ext_nm":null,"dtl5_ext_nm":null}	
1244949366	39871275	1	6	{"dtl1_ext_nm":{"filepath":"/data1/upload/st/editorImg/2018/03/07/39871275/7IlHbxb.jpg","url":"http://mars-dev.skplanet.com/group/v1.0/dev_Group-seller/KRY122Hil5/unit/7IlHbxb.jpg"},"dtl2_ext_nm":null,"dtl3_ext_nm":null,"dtl4_ext_nm":null,"dtl5_ext_nm":null}	
1244949366	39871275	1	7	{"dtl1_ext_nm":{"filepath":"/data1/upload/st/editorImg/2018/03/07/39871275/1S1KyTs.jpg","url":"http://mars-dev.skplanet.com/group/v1.0/dev_Group-seller/KRY122Hil5/unit/1S1KyTs.jpg"},"dtl2_ext_nm":null,"dtl3_ext_nm":null,"dtl4_ext_nm":null,"dtl5_ext_nm":null}	
1244949366	39871275	1	8	{"dtl1_ext_nm":{"filepath":"/data1/upload/st/editorImg/2018/03/07/39871275/8gLDOZt.jpg","url":"http://mars-dev.skplanet.com/group/v1.0/dev_Group-seller/KRY122Hil5/unit/8gLDOZt.jpg"},"dtl2_ext_nm":null,"dtl3_ext_nm":null,"dtl4_ext_nm":null,"dtl5_ext_nm":null}	
1244949366	39871275	1	9	{"dtl1_ext_nm":{"filepath":"/data1/upload/st/editorImg/2018/03/07/39871275/dSLRQBb.jpg","url":"http://mars-dev.skplanet.com/group/v1.0/dev_Group-seller/KRY122Hil5/unit/dSLRQBb.jpg"},"dtl2_ext_nm":null,"dtl3_ext_nm":null,"dtl4_ext_nm":null,"dtl5_ext_nm":null}	
1244949366	39871275	1	10	{"dtl1_ext_nm":{"filepath":"/data1/upload/st/editorImg/2018/03/07/39871275/6T9pl8W.jpg","url":"http://mars-dev.skplanet.com/group/v1.0/dev_Group-seller/KRY122Hil5/unit/6T9pl8W.jpg"},"dtl2_ext_nm":null,"dtl3_ext_nm":null,"dtl4_ext_nm":null,"dtl5_ext_nm":null}	
1244949366	39871275	1	11	{"dtl1_ext_nm":{"filepath":"/data1/upload/st/editorImg/2018/03/07/39871275/UwYNi6.jpg","url":"http://mars-dev.skplanet.com/group/v1.0/dev_Group-seller/KRY122Hil5/unit/UwYNi6.jpg"},"dtl2_ext_nm":null,"dtl3_ext_nm":null,"dtl4_ext_nm":null,"dtl5_ext_nm":null}	
1244949641	39951242	1	1	{"dtl1_ext_nm":{"filepath":"/data1/upload/st/editorImg/2018/03/07/39951242/eFap64o.jpg","url":"http://mars-dev.skplanet.com/group/v1.0/dev_Group-seller/KRY122HD8S/unit/eFap64o.jpg"},"dtl2_ext_nm":null,"dtl3_ext_nm":null,"dtl4_ext_nm":null,"dtl5_ext_nm":null}	
1244949641	39951242	1	2	{"dtl1_ext_nm":{"filepath":"/data1/upload/st/editorImg/2018/03/07/39951242/hqbnDum.jpg","url":"http://mars-dev.skplanet.com/group/v1.0/dev_Group-seller/KRY122HD8S/unit/hqbnDum.jpg"},"dtl2_ext_nm":null,"dtl3_ext_nm":null,"dtl4_ext_nm":null,"dtl5_ext_nm":null}	
1244949641	39951242	1	3	{"dtl1_ext_nm":{"filepath":"/data1/upload/st/editorImg/2018/03/07/39951242/26Tz.jpg","url":"http://mars-dev.skplanet.com/group/v1.0/dev_Group-seller/KRY122HD8S/unit/26Tz.jpg"},"dtl2_ext_nm":null,"dtl3_ext_nm":null,"dtl4_ext_nm":null,"dtl5_ext_nm":null}	
1244949641	39951242	1	4	{"dtl1_ext_nm":{"filepath":"/data1/upload/st/editorImg/2018/03/07/39951242/5qSDliC.jpg","url":"http://mars-dev.skplanet.com/group/v1.0/dev_Group-seller/KRY122HD8S/unit/5qSDliC.jpg"},"dtl2_ext_nm":null,"dtl3_ext_nm":null,"dtl4_ext_nm":null,"dtl5_ext_nm":null}	
1244949642	39951242	1	1	{"dtl1_ext_nm":{"filepath":"/data1/upload/st/editorImg/2018/03/07/39951242/bcP9yDC.jpg","url":"http://mars-dev.skplanet.com/group/v1.0/dev_Group-seller/KRY122HD8S/unit/bcP9yDC.jpg"},"dtl2_ext_nm":null,"dtl3_ext_nm":null,"dtl4_ext_nm":null,"dtl5_ext_nm":null}	
1244949658	39951242	1	1	{"dtl1_ext_nm":{"filepath":"/data1/upload/st/editorImg/2018/03/07/39951242/eFap64o.jpg","url":"http://mars-dev.skplanet.com/group/v1.0/dev_Group-seller/KRY122HD8S/unit/eFap64o.jpg"},"dtl2_ext_nm":null,"dtl3_ext_nm":null,"dtl4_ext_nm":null,"dtl5_ext_nm":null}	
1244949658	39951242	1	2	{"dtl1_ext_nm":{"filepath":"/data1/upload/st/editorImg/2018/03/07/39951242/hqbnDum.jpg","url":"http://mars-dev.skplanet.com/group/v1.0/dev_Group-seller/KRY122HD8S/unit/hqbnDum.jpg"},"dtl2_ext_nm":null,"dtl3_ext_nm":null,"dtl4_ext_nm":null,"dtl5_ext_nm":null}	
1244949658	39951242	1	3	{"dtl1_ext_nm":{"filepath":"/data1/upload/st/editorImg/2018/03/07/39951242/26Tz.jpg","url":"http://mars-dev.skplanet.com/group/v1.0/dev_Group-seller/KRY122HD8S/unit/26Tz.jpg"},"dtl2_ext_nm":null,"dtl3_ext_nm":null,"dtl4_ext_nm":null,"dtl5_ext_nm":null}	
1244949658	39951242	1	4	{"dtl1_ext_nm":{"filepath":"/data1/upload/st/editorImg/2018/03/07/39951242/5qSDliC.jpg","url":"http://mars-dev.skplanet.com/group/v1.0/dev_Group-seller/KRY122HD8S/unit/5qSDliC.jpg"},"dtl2_ext_nm":null,"dtl3_ext_nm":null,"dtl4_ext_nm":null,"dtl5_ext_nm":null}	
1244949756	39871275	1	1	{"dtl1_ext_nm":{"filepath":"/data1/upload/st/editorImg/2018/03/07/39871275/aWZZlBC.jpg","url":"http://mars-dev.skplanet.com/group/v1.0/dev_Group-seller/KRY122Hil5/unit/aWZZlBC.jpg"},"dtl2_ext_nm":null,"dtl3_ext_nm":null,"dtl4_ext_nm":null,"dtl5_ext_nm":null}	
1244951652	10000276	1	1	{"dtl1_ext_nm":{"filepath":"/data1/upload/st/editorImg/2018/03/07/10000276/PfuuGZ.jpg","url":"http://mars-dev.skplanet.com/group/v1.0/dev_Group-seller/KRY12FXwM/unit/PfuuGZ.jpg"},"dtl2_ext_nm":null,"dtl3_ext_nm":null,"dtl4_ext_nm":null,"dtl5_ext_nm":null}	
1244953552	39871275	1	1	{"dtl1_ext_nm":null,"dtl2_ext_nm":null,"dtl3_ext_nm":null,"dtl4_ext_nm":null,"dtl5_ext_nm":null}	
1244953552	39871275	1	2	{"dtl1_ext_nm":null,"dtl2_ext_nm":null,"dtl3_ext_nm":null,"dtl4_ext_nm":null,"dtl5_ext_nm":null}	
1244962697	10000276	1	1	{"dtl1_ext_nm":{"filepath":"/data1/upload/st/editorImg/2018/03/07/10000276/8eQfTbE.jpg","url":"http://mars-dev.skplanet.com/group/v1.0/dev_Group-seller/KRY12FXwM/unit/8eQfTbE.jpg"},"dtl2_ext_nm":null,"dtl3_ext_nm":null,"dtl4_ext_nm":null,"dtl5_ext_nm":null}	
1244962697	10000276	1	2	{"dtl1_ext_nm":{"filepath":"/data1/upload/st/editorImg/2018/03/07/10000276/c6Kb6Vt.jpg","url":"http://mars-dev.skplanet.com/group/v1.0/dev_Group-seller/KRY12FXwM/unit/c6Kb6Vt.jpg"},"dtl2_ext_nm":null,"dtl3_ext_nm":null,"dtl4_ext_nm":null,"dtl5_ext_nm":null}	
1244977815	39941459	1	1	{"dtl1_ext_nm":{"filepath":"/data1/upload/st/editorImg/2018/03/07/39941459/6APlYzm.jpg","url":"http://mars-dev.skplanet.com/group/v1.0/dev_Group-seller/KRY122HAB5/unit/6APlYzm.jpg"},"dtl2_ext_nm":null,"dtl3_ext_nm":null,"dtl4_ext_nm":null,"dtl5_ext_nm":null}	
1244977815	39941459	1	2	{"dtl1_ext_nm":{"filepath":"/data1/upload/st/editorImg/2018/03/07/39941459/6S59FHb.jpg","url":"http://mars-dev.skplanet.com/group/v1.0/dev_Group-seller/KRY122HAB5/unit/6S59FHb.jpg"},"dtl2_ext_nm":null,"dtl3_ext_nm":null,"dtl4_ext_nm":null,"dtl5_ext_nm":null}	
1244977815	39941459	1	3	{"dtl1_ext_nm":{"filepath":"/data1/upload/st/editorImg/2018/03/07/39941459/efZQRoW.jpg","url":"http://mars-dev.skplanet.com/group/v1.0/dev_Group-seller/KRY122HAB5/unit/efZQRoW.jpg"},"dtl2_ext_nm":null,"dtl3_ext_nm":null,"dtl4_ext_nm":null,"dtl5_ext_nm":null}	
1244977815	39941459	1	4	{"dtl1_ext_nm":{"filepath":"/data1/upload/st/editorImg/2018/03/07/39941459/IPhwEo.jpg","url":"http://mars-dev.skplanet.com/group/v1.0/dev_Group-seller/KRY122HAB5/unit/IPhwEo.jpg"},"dtl2_ext_nm":null,"dtl3_ext_nm":null,"dtl4_ext_nm":null,"dtl5_ext_nm":null}	
1244977815	39941459	1	5	{"dtl1_ext_nm":{"filepath":"/data1/upload/st/editorImg/2018/03/07/39941459/dChI0Z9.jpg","url":"http://mars-dev.skplanet.com/group/v1.0/dev_Group-seller/KRY122HAB5/unit/dChI0Z9.jpg"},"dtl2_ext_nm":null,"dtl3_ext_nm":null,"dtl4_ext_nm":null,"dtl5_ext_nm":null}	
1244977815	39941459	1	6	{"dtl1_ext_nm":{"filepath":"/data1/upload/st/editorImg/2018/03/07/39941459/hAnXIaL.jpg","url":"http://mars-dev.skplanet.com/group/v1.0/dev_Group-seller/KRY122HAB5/unit/hAnXIaL.jpg"},"dtl2_ext_nm":null,"dtl3_ext_nm":null,"dtl4_ext_nm":null,"dtl5_ext_nm":null}	
1245013343	39941459	1	1	{"dtl1_ext_nm":{"filepath":"/data1/upload/st/editorImg/2018/03/07/39941459/92BmMyy.jpg","url":"http://mars-dev.skplanet.com/group/v1.0/dev_Group-seller/KRY122HAB5/unit/92BmMyy.jpg"},"dtl2_ext_nm":null,"dtl3_ext_nm":null,"dtl4_ext_nm":null,"dtl5_ext_nm":null}	
1245013343	39941459	1	2	{"dtl1_ext_nm":{"filepath":"/data1/upload/st/editorImg/2018/03/07/39941459/dYua8p7.jpg","url":"http://mars-dev.skplanet.com/group/v1.0/dev_Group-seller/KRY122HAB5/unit/dYua8p7.jpg"},"dtl2_ext_nm":null,"dtl3_ext_nm":null,"dtl4_ext_nm":null,"dtl5_ext_nm":null}	
1245014820	39941459	1	1	{"dtl1_ext_nm":{"filepath":"/data1/upload/st/editorImg/2018/03/07/39941459/4so9irL.jpg","url":"http://mars-dev.skplanet.com/group/v1.0/dev_Group-seller/KRY122HAB5/unit/4so9irL.jpg"},"dtl2_ext_nm":null,"dtl3_ext_nm":null,"dtl4_ext_nm":null,"dtl5_ext_nm":null}	
1245015464	39941459	1	1	{"dtl1_ext_nm":{"filepath":"/data1/upload/st/editorImg/2018/03/07/39941459/KetZel.jpg","url":"http://mars-dev.skplanet.com/group/v1.0/dev_Group-seller/KRY122HAB5/unit/KetZel.jpg"},"dtl2_ext_nm":null,"dtl3_ext_nm":null,"dtl4_ext_nm":null,"dtl5_ext_nm":null}	
1245015464	39941459	1	2	{"dtl1_ext_nm":{"filepath":"/data1/upload/st/editorImg/2018/03/07/39941459/6s1AFT1.jpg","url":"http://mars-dev.skplanet.com/group/v1.0/dev_Group-seller/KRY122HAB5/unit/6s1AFT1.jpg"},"dtl2_ext_nm":null,"dtl3_ext_nm":null,"dtl4_ext_nm":null,"dtl5_ext_nm":null}	
1245015477	39941459	1	1	{"dtl1_ext_nm":{"filepath":"/data1/upload/st/editorImg/2018/03/07/39941459/3S9iiB3.jpg","url":"http://mars-dev.skplanet.com/group/v1.0/dev_Group-seller/KRY122HAB5/unit/3S9iiB3.jpg"},"dtl2_ext_nm":null,"dtl3_ext_nm":null,"dtl4_ext_nm":null,"dtl5_ext_nm":null}	
1245015477	39941459	1	2	{"dtl1_ext_nm":{"filepath":"/data1/upload/st/editorImg/2018/03/07/39941459/4f1pGJ4.jpg","url":"http://mars-dev.skplanet.com/group/v1.0/dev_Group-seller/KRY122HAB5/unit/4f1pGJ4.jpg"},"dtl2_ext_nm":null,"dtl3_ext_nm":null,"dtl4_ext_nm":null,"dtl5_ext_nm":null}	
1245016411	39941459	1	1	{"dtl1_ext_nm":{"filepath":"/data1/upload/st/editorImg/2018/03/07/39941459/14fPEGO.jpg","url":"http://mars-dev.skplanet.com/group/v1.0/dev_Group-seller/KRY122HAB5/unit/14fPEGO.jpg"},"dtl2_ext_nm":null,"dtl3_ext_nm":null,"dtl4_ext_nm":null,"dtl5_ext_nm":null}	
1245016411	39941459	1	2	{"dtl1_ext_nm":{"filepath":"/data1/upload/st/editorImg/2018/03/07/39941459/62wgK6S.jpg","url":"http://mars-dev.skplanet.com/group/v1.0/dev_Group-seller/KRY122HAB5/unit/62wgK6S.jpg"},"dtl2_ext_nm":null,"dtl3_ext_nm":null,"dtl4_ext_nm":null,"dtl5_ext_nm":null}	
1245016417	39941459	1	1	{"dtl1_ext_nm":{"filepath":"/data1/upload/st/editorImg/2018/03/07/39941459/11sLLk8.jpg","url":"http://mars-dev.skplanet.com/group/v1.0/dev_Group-seller/KRY122HAB5/unit/11sLLk8.jpg"},"dtl2_ext_nm":null,"dtl3_ext_nm":null,"dtl4_ext_nm":null,"dtl5_ext_nm":null}	
1245016417	39941459	1	2	{"dtl1_ext_nm":{"filepath":"/data1/upload/st/editorImg/2018/03/07/39941459/5LN1chf.jpg","url":"http://mars-dev.skplanet.com/group/v1.0/dev_Group-seller/KRY122HAB5/unit/5LN1chf.jpg"},"dtl2_ext_nm":null,"dtl3_ext_nm":null,"dtl4_ext_nm":null,"dtl5_ext_nm":null}	
1245018400	39941459	1	1	{"dtl1_ext_nm":{"filepath":"/data1/upload/st/editorImg/2018/03/07/39941459/ahdS0QK.jpg","url":"http://mars-dev.skplanet.com/group/v1.0/dev_Group-seller/KRY122HAB5/unit/ahdS0QK.jpg"},"dtl2_ext_nm":null,"dtl3_ext_nm":null,"dtl4_ext_nm":null,"dtl5_ext_nm":null}	
1245050429	39871275	1	1	{"dtl1_ext_nm":{"filepath":"/data1/upload/st/editorImg/2018/03/07/39871275/1IWrj05.jpg","url":"http://mars-dev.skplanet.com/group/v1.0/dev_Group-seller/KRY122Hil5/unit/1IWrj05.jpg"},"dtl2_ext_nm":null,"dtl3_ext_nm":null,"dtl4_ext_nm":null,"dtl5_ext_nm":null}	
1245050431	39941240	1	1	{"dtl1_ext_nm":{"filepath":"/data1/upload/st/editorImg/2018/03/07/39941240/aJnVGNx.jpg","url":"http://mars-dev.skplanet.com/group/v1.0/dev_Group-seller/KRY122HAxy/unit/aJnVGNx.jpg"},"dtl2_ext_nm":null,"dtl3_ext_nm":null,"dtl4_ext_nm":null,"dtl5_ext_nm":null}	
1245050431	39941240	1	2	{"dtl1_ext_nm":{"filepath":"/data1/upload/st/editorImg/2018/03/07/39941240/9aky823.jpg","url":"http://mars-dev.skplanet.com/group/v1.0/dev_Group-seller/KRY122HAxy/unit/9aky823.jpg"},"dtl2_ext_nm":null,"dtl3_ext_nm":null,"dtl4_ext_nm":null,"dtl5_ext_nm":null}	
1245050431	39941240	1	3	{"dtl1_ext_nm":{"filepath":"/data1/upload/st/editorImg/2018/03/07/39941240/9KkGy2u.jpg","url":"http://mars-dev.skplanet.com/group/v1.0/dev_Group-seller/KRY122HAxy/unit/9KkGy2u.jpg"},"dtl2_ext_nm":null,"dtl3_ext_nm":null,"dtl4_ext_nm":null,"dtl5_ext_nm":null}	
1245050441	39941240	1	1	{"dtl1_ext_nm":{"filepath":"/data1/upload/st/editorImg/2018/03/07/39941240/3secuRx.jpg","url":"http://mars-dev.skplanet.com/group/v1.0/dev_Group-seller/KRY122HAxy/unit/3secuRx.jpg"},"dtl2_ext_nm":null,"dtl3_ext_nm":null,"dtl4_ext_nm":null,"dtl5_ext_nm":null}	
1245050441	39941240	1	2	{"dtl1_ext_nm":{"filepath":"/data1/upload/st/editorImg/2018/03/07/39941240/4iKE8gD.jpg","url":"http://mars-dev.skplanet.com/group/v1.0/dev_Group-seller/KRY122HAxy/unit/4iKE8gD.jpg"},"dtl2_ext_nm":null,"dtl3_ext_nm":null,"dtl4_ext_nm":null,"dtl5_ext_nm":null}	
1245050441	39941240	1	3	{"dtl1_ext_nm":{"filepath":"/data1/upload/st/editorImg/2018/03/07/39941240/fzAOmUw.jpg","url":"http://mars-dev.skplanet.com/group/v1.0/dev_Group-seller/KRY122HAxy/unit/fzAOmUw.jpg"},"dtl2_ext_nm":null,"dtl3_ext_nm":null,"dtl4_ext_nm":null,"dtl5_ext_nm":null}	
1245253074	10000276	1	1	{"dtl1_ext_nm":{"filepath":"/data1/upload/st/editorImg/2018/03/07/10000276/dtI4Fud.jpg","url":"http://mars-dev.skplanet.com/group/v1.0/dev_Group-seller/KRY12FXwM/unit/dtI4Fud.jpg"},"dtl2_ext_nm":null,"dtl3_ext_nm":null,"dtl4_ext_nm":null,"dtl5_ext_nm":null}	
1245253074	10000276	1	2	{"dtl1_ext_nm":{"filepath":"/data1/upload/st/editorImg/2018/03/07/10000276/f6nImgY.jpg","url":"http://mars-dev.skplanet.com/group/v1.0/dev_Group-seller/KRY12FXwM/unit/f6nImgY.jpg"},"dtl2_ext_nm":null,"dtl3_ext_nm":null,"dtl4_ext_nm":null,"dtl5_ext_nm":null}	
1245253074	10000276	1	3	{"dtl1_ext_nm":{"filepath":"/data1/upload/st/editorImg/2018/03/07/10000276/2q5Z0Qp.jpg","url":"http://mars-dev.skplanet.com/group/v1.0/dev_Group-seller/KRY12FXwM/unit/2q5Z0Qp.jpg"},"dtl2_ext_nm":null,"dtl3_ext_nm":null,"dtl4_ext_nm":null,"dtl5_ext_nm":null}	
1245253092	10000276	1	1	{"dtl1_ext_nm":{"filepath":"/data1/upload/st/editorImg/2018/03/07/10000276/36oZcV4.jpg","url":"http://mars-dev.skplanet.com/group/v1.0/dev_Group-seller/KRY12FXwM/unit/36oZcV4.jpg"},"dtl2_ext_nm":null,"dtl3_ext_nm":null,"dtl4_ext_nm":null,"dtl5_ext_nm":null}	
1245253092	10000276	1	2	{"dtl1_ext_nm":{"filepath":"/data1/upload/st/editorImg/2018/03/07/10000276/3EAMKTE.jpg","url":"http://mars-dev.skplanet.com/group/v1.0/dev_Group-seller/KRY12FXwM/unit/3EAMKTE.jpg"},"dtl2_ext_nm":null,"dtl3_ext_nm":null,"dtl4_ext_nm":null,"dtl5_ext_nm":null}	
1245253092	10000276	1	3	{"dtl1_ext_nm":{"filepath":"/data1/upload/st/editorImg/2018/03/07/10000276/7LK5hAS.jpg","url":"http://mars-dev.skplanet.com/group/v1.0/dev_Group-seller/KRY12FXwM/unit/7LK5hAS.jpg"},"dtl2_ext_nm":null,"dtl3_ext_nm":null,"dtl4_ext_nm":null,"dtl5_ext_nm":null}	
1245253096	10000276	1	1	{"dtl1_ext_nm":{"filepath":"/data1/upload/st/editorImg/2018/03/07/10000276/cbahHXP.jpg","url":"http://mars-dev.skplanet.com/group/v1.0/dev_Group-seller/KRY12FXwM/unit/cbahHXP.jpg"},"dtl2_ext_nm":null,"dtl3_ext_nm":null,"dtl4_ext_nm":null,"dtl5_ext_nm":null}	
1245253096	10000276	1	2	{"dtl1_ext_nm":{"filepath":"/data1/upload/st/editorImg/2018/03/07/10000276/kUP4Nn.jpg","url":"http://mars-dev.skplanet.com/group/v1.0/dev_Group-seller/KRY12FXwM/unit/kUP4Nn.jpg"},"dtl2_ext_nm":null,"dtl3_ext_nm":null,"dtl4_ext_nm":null,"dtl5_ext_nm":null}	
1245253096	10000276	1	3	{"dtl1_ext_nm":{"filepath":"/data1/upload/st/editorImg/2018/03/07/10000276/37ORpMx.jpg","url":"http://mars-dev.skplanet.com/group/v1.0/dev_Group-seller/KRY12FXwM/unit/37ORpMx.jpg"},"dtl2_ext_nm":null,"dtl3_ext_nm":null,"dtl4_ext_nm":null,"dtl5_ext_nm":null}	
1245253098	10000276	1	1	{"dtl1_ext_nm":{"filepath":"/data1/upload/st/editorImg/2018/03/07/10000276/9AnypcU.jpg","url":"http://mars-dev.skplanet.com/group/v1.0/dev_Group-seller/KRY12FXwM/unit/9AnypcU.jpg"},"dtl2_ext_nm":null,"dtl3_ext_nm":null,"dtl4_ext_nm":null,"dtl5_ext_nm":null}	
1245253098	10000276	1	2	{"dtl1_ext_nm":{"filepath":"/data1/upload/st/editorImg/2018/03/07/10000276/cyWhj2G.jpg","url":"http://mars-dev.skplanet.com/group/v1.0/dev_Group-seller/KRY12FXwM/unit/cyWhj2G.jpg"},"dtl2_ext_nm":null,"dtl3_ext_nm":null,"dtl4_ext_nm":null,"dtl5_ext_nm":null}	
1245253098	10000276	1	3	{"dtl1_ext_nm":{"filepath":"/data1/upload/st/editorImg/2018/03/07/10000276/8EuFGgp.jpg","url":"http://mars-dev.skplanet.com/group/v1.0/dev_Group-seller/KRY12FXwM/unit/8EuFGgp.jpg"},"dtl2_ext_nm":null,"dtl3_ext_nm":null,"dtl4_ext_nm":null,"dtl5_ext_nm":null}	
1245253099	10000276	1	1	{"dtl1_ext_nm":{"filepath":"/data1/upload/st/editorImg/2018/03/07/10000276/dtI4Fud.jpg","url":"http://mars-dev.skplanet.com/group/v1.0/dev_Group-seller/KRY12FXwM/unit/dtI4Fud.jpg"},"dtl2_ext_nm":null,"dtl3_ext_nm":null,"dtl4_ext_nm":null,"dtl5_ext_nm":null}	
1245253099	10000276	1	2	{"dtl1_ext_nm":{"filepath":"/data1/upload/st/editorImg/2018/03/07/10000276/f6nImgY.jpg","url":"http://mars-dev.skplanet.com/group/v1.0/dev_Group-seller/KRY12FXwM/unit/f6nImgY.jpg"},"dtl2_ext_nm":null,"dtl3_ext_nm":null,"dtl4_ext_nm":null,"dtl5_ext_nm":null}	
1245253099	10000276	1	3	{"dtl1_ext_nm":{"filepath":"/data1/upload/st/editorImg/2018/03/07/10000276/2q5Z0Qp.jpg","url":"http://mars-dev.skplanet.com/group/v1.0/dev_Group-seller/KRY12FXwM/unit/2q5Z0Qp.jpg"},"dtl2_ext_nm":null,"dtl3_ext_nm":null,"dtl4_ext_nm":null,"dtl5_ext_nm":null}	
1245253100	10000276	1	1	{"dtl1_ext_nm":{"filepath":"/data1/upload/st/editorImg/2018/03/07/10000276/cbMI8yT.jpg","url":"http://mars-dev.skplanet.com/group/v1.0/dev_Group-seller/KRY12FXwM/unit/cbMI8yT.jpg"},"dtl2_ext_nm":null,"dtl3_ext_nm":null,"dtl4_ext_nm":null,"dtl5_ext_nm":null}	
1245253100	10000276	1	2	{"dtl1_ext_nm":{"filepath":"/data1/upload/st/editorImg/2018/03/07/10000276/2WyFII5.jpg","url":"http://mars-dev.skplanet.com/group/v1.0/dev_Group-seller/KRY12FXwM/unit/2WyFII5.jpg"},"dtl2_ext_nm":null,"dtl3_ext_nm":null,"dtl4_ext_nm":null,"dtl5_ext_nm":null}	
1245253100	10000276	1	3	{"dtl1_ext_nm":{"filepath":"/data1/upload/st/editorImg/2018/03/07/10000276/7W0nTYp.jpg","url":"http://mars-dev.skplanet.com/group/v1.0/dev_Group-seller/KRY12FXwM/unit/7W0nTYp.jpg"},"dtl2_ext_nm":null,"dtl3_ext_nm":null,"dtl4_ext_nm":null,"dtl5_ext_nm":null}	
1245253101	10000276	1	1	{"dtl1_ext_nm":{"filepath":"/data1/upload/st/editorImg/2018/03/07/10000276/1NKeAqI.jpg","url":"http://mars-dev.skplanet.com/group/v1.0/dev_Group-seller/KRY12FXwM/unit/1NKeAqI.jpg"},"dtl2_ext_nm":null,"dtl3_ext_nm":null,"dtl4_ext_nm":null,"dtl5_ext_nm":null}	
1245253101	10000276	1	2	{"dtl1_ext_nm":{"filepath":"/data1/upload/st/editorImg/2018/03/07/10000276/aVgfzdW.jpg","url":"http://mars-dev.skplanet.com/group/v1.0/dev_Group-seller/KRY12FXwM/unit/aVgfzdW.jpg"},"dtl2_ext_nm":null,"dtl3_ext_nm":null,"dtl4_ext_nm":null,"dtl5_ext_nm":null}	
1245253101	10000276	1	3	{"dtl1_ext_nm":{"filepath":"/data1/upload/st/editorImg/2018/03/07/10000276/cwR0ryc.jpg","url":"http://mars-dev.skplanet.com/group/v1.0/dev_Group-seller/KRY12FXwM/unit/cwR0ryc.jpg"},"dtl2_ext_nm":null,"dtl3_ext_nm":null,"dtl4_ext_nm":null,"dtl5_ext_nm":null}	
1245253150	10000276	1	1	{"dtl1_ext_nm":{"filepath":"/data1/upload/st/editorImg/2018/03/07/10000276/2y1WxDy.jpg","url":"http://mars-dev.skplanet.com/group/v1.0/dev_Group-seller/KRY12FXwM/unit/2y1WxDy.jpg"},"dtl2_ext_nm":null,"dtl3_ext_nm":null,"dtl4_ext_nm":null,"dtl5_ext_nm":null}	
1245253150	10000276	1	2	{"dtl1_ext_nm":{"filepath":"/data1/upload/st/editorImg/2018/03/07/10000276/gB3k7IR.jpg","url":"http://mars-dev.skplanet.com/group/v1.0/dev_Group-seller/KRY12FXwM/unit/gB3k7IR.jpg"},"dtl2_ext_nm":null,"dtl3_ext_nm":null,"dtl4_ext_nm":null,"dtl5_ext_nm":null}	
1245253150	10000276	1	3	{"dtl1_ext_nm":{"filepath":"/data1/upload/st/editorImg/2018/03/07/10000276/a0Lxa5P.jpg","url":"http://mars-dev.skplanet.com/group/v1.0/dev_Group-seller/KRY12FXwM/unit/a0Lxa5P.jpg"},"dtl2_ext_nm":null,"dtl3_ext_nm":null,"dtl4_ext_nm":null,"dtl5_ext_nm":null}	
1245253157	10000276	1	1	{"dtl1_ext_nm":{"filepath":"/data1/upload/st/editorImg/2018/03/07/10000276/5ItOeRf.jpg","url":"http://mars-dev.skplanet.com/group/v1.0/dev_Group-seller/KRY12FXwM/unit/5ItOeRf.jpg"},"dtl2_ext_nm":null,"dtl3_ext_nm":null,"dtl4_ext_nm":null,"dtl5_ext_nm":null}	
1245253157	10000276	1	2	{"dtl1_ext_nm":{"filepath":"/data1/upload/st/editorImg/2018/03/07/10000276/ebOpCY1.jpg","url":"http://mars-dev.skplanet.com/group/v1.0/dev_Group-seller/KRY12FXwM/unit/ebOpCY1.jpg"},"dtl2_ext_nm":null,"dtl3_ext_nm":null,"dtl4_ext_nm":null,"dtl5_ext_nm":null}	
1245253160	10000276	1	1	{"dtl1_ext_nm":{"filepath":"/data1/upload/st/editorImg/2018/03/07/10000276/csAxxor.jpg","url":"http://mars-dev.skplanet.com/group/v1.0/dev_Group-seller/KRY12FXwM/unit/csAxxor.jpg"},"dtl2_ext_nm":null,"dtl3_ext_nm":null,"dtl4_ext_nm":null,"dtl5_ext_nm":null}	
1245253160	10000276	1	2	{"dtl1_ext_nm":{"filepath":"/data1/upload/st/editorImg/2018/03/07/10000276/c1gjmY7.jpg","url":"http://mars-dev.skplanet.com/group/v1.0/dev_Group-seller/KRY12FXwM/unit/c1gjmY7.jpg"},"dtl2_ext_nm":null,"dtl3_ext_nm":null,"dtl4_ext_nm":null,"dtl5_ext_nm":null}	
1245253160	10000276	1	3	{"dtl1_ext_nm":{"filepath":"/data1/upload/st/editorImg/2018/03/07/10000276/aP7qMi4.jpg","url":"http://mars-dev.skplanet.com/group/v1.0/dev_Group-seller/KRY12FXwM/unit/aP7qMi4.jpg"},"dtl2_ext_nm":null,"dtl3_ext_nm":null,"dtl4_ext_nm":null,"dtl5_ext_nm":null}	
1245253161	10000276	1	1	{"dtl1_ext_nm":{"filepath":"/data1/upload/st/editorImg/2018/03/07/10000276/a8tgcwq.jpg","url":"http://mars-dev.skplanet.com/group/v1.0/dev_Group-seller/KRY12FXwM/unit/a8tgcwq.jpg"},"dtl2_ext_nm":null,"dtl3_ext_nm":null,"dtl4_ext_nm":null,"dtl5_ext_nm":null}	
1245253161	10000276	1	2	{"dtl1_ext_nm":{"filepath":"/data1/upload/st/editorImg/2018/03/07/10000276/sfVLRB.jpg","url":"http://mars-dev.skplanet.com/group/v1.0/dev_Group-seller/KRY12FXwM/unit/sfVLRB.jpg"},"dtl2_ext_nm":null,"dtl3_ext_nm":null,"dtl4_ext_nm":null,"dtl5_ext_nm":null}	
1245253163	10000276	1	1	{"dtl1_ext_nm":{"filepath":"/data1/upload/st/editorImg/2018/03/07/10000276/a8tgcwq.jpg","url":"http://mars-dev.skplanet.com/group/v1.0/dev_Group-seller/KRY12FXwM/unit/a8tgcwq.jpg"},"dtl2_ext_nm":null,"dtl3_ext_nm":null,"dtl4_ext_nm":null,"dtl5_ext_nm":null}	
1245253163	10000276	1	2	{"dtl1_ext_nm":{"filepath":"/data1/upload/st/editorImg/2018/03/07/10000276/sfVLRB.jpg","url":"http://mars-dev.skplanet.com/group/v1.0/dev_Group-seller/KRY12FXwM/unit/sfVLRB.jpg"},"dtl2_ext_nm":null,"dtl3_ext_nm":null,"dtl4_ext_nm":null,"dtl5_ext_nm":null}	
1245253164	10000276	1	1	{"dtl1_ext_nm":{"filepath":"/data1/upload/st/editorImg/2018/03/07/10000276/a8tgcwq.jpg","url":"http://mars-dev.skplanet.com/group/v1.0/dev_Group-seller/KRY12FXwM/unit/a8tgcwq.jpg"},"dtl2_ext_nm":null,"dtl3_ext_nm":null,"dtl4_ext_nm":null,"dtl5_ext_nm":null}	
1245253164	10000276	1	2	{"dtl1_ext_nm":{"filepath":"/data1/upload/st/editorImg/2018/03/07/10000276/sfVLRB.jpg","url":"http://mars-dev.skplanet.com/group/v1.0/dev_Group-seller/KRY12FXwM/unit/sfVLRB.jpg"},"dtl2_ext_nm":null,"dtl3_ext_nm":null,"dtl4_ext_nm":null,"dtl5_ext_nm":null}	
1245253165	10000276	1	1	{"dtl1_ext_nm":{"filepath":"/data1/upload/st/editorImg/2018/03/07/10000276/a8tgcwq.jpg","url":"http://mars-dev.skplanet.com/group/v1.0/dev_Group-seller/KRY12FXwM/unit/a8tgcwq.jpg"},"dtl2_ext_nm":null,"dtl3_ext_nm":null,"dtl4_ext_nm":null,"dtl5_ext_nm":null}	
1245253165	10000276	1	2	{"dtl1_ext_nm":{"filepath":"/data1/upload/st/editorImg/2018/03/07/10000276/sfVLRB.jpg","url":"http://mars-dev.skplanet.com/group/v1.0/dev_Group-seller/KRY12FXwM/unit/sfVLRB.jpg"},"dtl2_ext_nm":null,"dtl3_ext_nm":null,"dtl4_ext_nm":null,"dtl5_ext_nm":null}	
1245253166	10000276	1	1	{"dtl1_ext_nm":{"filepath":"/data1/upload/st/editorImg/2018/03/07/10000276/a8tgcwq.jpg","url":"http://mars-dev.skplanet.com/group/v1.0/dev_Group-seller/KRY12FXwM/unit/a8tgcwq.jpg"},"dtl2_ext_nm":null,"dtl3_ext_nm":null,"dtl4_ext_nm":null,"dtl5_ext_nm":null}	
1245253166	10000276	1	2	{"dtl1_ext_nm":{"filepath":"/data1/upload/st/editorImg/2018/03/07/10000276/sfVLRB.jpg","url":"http://mars-dev.skplanet.com/group/v1.0/dev_Group-seller/KRY12FXwM/unit/sfVLRB.jpg"},"dtl2_ext_nm":null,"dtl3_ext_nm":null,"dtl4_ext_nm":null,"dtl5_ext_nm":null}	